baseline,binary_accuracy,binary_f1,ternary_accuracy,ternary_f1
Personality BigFive,0.8636363636363636,0.8610526315789473,0.6818181818181818,0.4598290598290598
